Home,Away,1-0,2-0,2-1,3-0,3-1,3-2,4-0,4-1,4-2,4-3,0-0,1-1,2-2,3-3,4-4,0-1,0-2,1-2,0-3,1-3,2-3,0-4,1-4,2-4,3-4,Res
Central Córdoba SdE,San Lorenzo,0.684635,0.621719,0.621203,0.542185,0.542671,0.506007,0.490809,0.491013,0.483863,0.465947,0.473127,0.536993,0.386195,0.315251,0.290371,0.409918,0.338776,0.374816,0.296562,0.304362,0.296332,0.27449,0.278454,0.27457,0.269776,0-2
Rosario Central,Gimnasia La Plata,0.539021,0.466703,0.486303,0.401379,0.415087,0.394011,0.378547,0.378871,0.372047,0.361299,0.461664,0.535746,0.384008,0.31255,0.288082,0.556459,0.492627,0.519151,0.425891,0.439453,0.412179,0.397015,0.396941,0.389895,0.379321,0-1
Banfield,Barracas Central,0.793165,0.756291,0.716269,0.664723,0.639107,0.581721,0.595729,0.582135,0.566791,0.549161,0.4493,0.476182,0.33765,0.280946,0.261138,0.332445,0.264353,0.294293,0.235207,0.242227,0.235637,0.212653,0.217025,0.215305,0.211107,1-1
Boca Juniors,Unión de Santa Fe,0.834876,0.791904,0.726578,0.696244,0.6592,0.602486,0.624578,0.602412,0.587926,0.567924,0.4644,0.478144,0.333802,0.279458,0.270818,0.308086,0.233532,0.253496,0.204012,0.211252,0.211126,0.187426,0.19127,0.188766,0.185554,1-2
CA Talleres de Córdoba,Central Córdoba SdE,0.649189,0.567611,0.575573,0.488531,0.488803,0.461245,0.453833,0.453967,0.439719,0.429477,0.485443,0.536533,0.374671,0.315117,0.289655,0.47332,0.396862,0.412412,0.34056,0.348242,0.33316,0.315228,0.319486,0.315062,0.306716,0-2
Defensa y Justicia,Vélez Sársfield,0.594136,0.529438,0.552042,0.457456,0.463266,0.43686,0.421436,0.4288,0.414284,0.403858,0.462323,0.537673,0.384917,0.313951,0.289269,0.502325,0.425151,0.462559,0.368881,0.382355,0.368943,0.346885,0.354075,0.342815,0.336207,1-1
Estudiantes de La Plata,Newell's Old Boys,0.694968,0.630912,0.631302,0.55047,0.551324,0.514652,0.498472,0.49877,0.491274,0.473288,0.450335,0.503547,0.359275,0.299333,0.273723,0.431013,0.348971,0.386823,0.306839,0.314739,0.306947,0.284501,0.287941,0.284137,0.279149,0-2
Colón,Huracán,0.424603,0.351655,0.389583,0.309263,0.316525,0.308077,0.290251,0.294411,0.290179,0.281641,0.442659,0.510399,0.374991,0.302893,0.277531,0.675356,0.62583,0.625416,0.546052,0.546678,0.509058,0.493906,0.493102,0.485654,0.471092,0-1
River Plate,Lanús,0.87168,0.870832,0.814094,0.804062,0.760466,0.682538,0.722152,0.703964,0.667478,0.64423,0.36516,0.420074,0.296938,0.245964,0.22599,0.232412,0.188226,0.218388,0.16921,0.180652,0.18049,0.154046,0.157538,0.157512,0.155814,,
San Lorenzo,CA Tigre,0.476487,0.399411,0.424349,0.343497,0.351153,0.336345,0.318479,0.321833,0.318293,0.309877,0.4838,0.533346,0.372652,0.313566,0.288206,0.645447,0.565297,0.572427,0.487003,0.486843,0.459607,0.452087,0.452283,0.437723,0.427439,,
CA Platense,Sarmiento,0.675507,0.610947,0.610633,0.522651,0.522513,0.487671,0.480607,0.480081,0.472499,0.455159,0.470352,0.533222,0.370702,0.31084,0.285104,0.443069,0.364761,0.391513,0.311907,0.319475,0.312691,0.290441,0.294453,0.290397,0.285505,,
Racing Club,CA Aldosivi,0.889357,0.890899,0.830547,0.819723,0.775351,0.696565,0.736613,0.717791,0.680417,0.657197,0.341293,0.386479,0.284427,0.231649,0.211445,0.236526,0.190294,0.221218,0.166936,0.182668,0.18244,0.155536,0.159006,0.158876,0.157252,,
Argentinos Juniors,Arsenal de Sarandí,0.790825,0.732131,0.684993,0.633711,0.606053,0.561913,0.570221,0.561939,0.547745,0.527897,0.463994,0.494716,0.335888,0.286408,0.26712,0.367605,0.282483,0.306159,0.247367,0.254319,0.247143,0.227911,0.229769,0.227867,0.223733,,
Patronato de Paraná,CA Independiente,0.534623,0.436897,0.447373,0.365989,0.374003,0.358737,0.341135,0.344837,0.337279,0.329955,0.522675,0.540331,0.370953,0.315113,0.299961,0.633656,0.519676,0.520136,0.449376,0.449388,0.420974,0.413376,0.414358,0.403386,0.392218,,
Club Atlético Tucumán,Godoy Cruz,0.525226,0.463264,0.484296,0.399554,0.412482,0.390888,0.376018,0.376038,0.369212,0.35831,0.450931,0.535587,0.382711,0.311171,0.287209,0.562281,0.499613,0.525475,0.431639,0.446297,0.417661,0.402511,0.403105,0.395477,0.387609,,
Patronato de Paraná,CA Independiente,0.518351,0.433897,0.443073,0.362687,0.370823,0.355343,0.340861,0.341245,0.333567,0.326389,0.538465,0.579569,0.396243,0.329653,0.311237,0.603144,0.50843,0.509358,0.430638,0.437868,0.409488,0.402616,0.402776,0.391808,0.383066,,
Club Atlético Tucumán,Godoy Cruz,0.527318,0.454908,0.475204,0.389938,0.39655,0.375656,0.368268,0.367604,0.35683,0.348164,0.493453,0.544339,0.393819,0.322865,0.297581,0.569653,0.495155,0.518773,0.426301,0.434081,0.412199,0.397917,0.398221,0.390881,0.378567,,
Central Córdoba SdE,Argentinos Juniors,0.545168,0.472312,0.494434,0.414028,0.421284,0.399706,0.384936,0.385892,0.378006,0.36721,0.48119,0.543232,0.390926,0.319512,0.295014,0.544906,0.472604,0.492944,0.413616,0.420126,0.399456,0.384602,0.384554,0.377616,0.366816,,
Central Córdoba SdE,Argentinos Juniors,0.545335,0.472805,0.493477,0.413145,0.421109,0.399929,0.385043,0.385063,0.377729,0.367097,0.481514,0.544374,0.391954,0.32044,0.295386,0.545313,0.470687,0.492133,0.412937,0.421009,0.399005,0.384337,0.384465,0.376695,0.366399,,
Boca Juniors,Banfield,0.68953,0.606522,0.59705,0.516862,0.508758,0.473928,0.4743,0.47426,0.455506,0.446852,0.532414,0.553428,0.379488,0.322294,0.309688,0.442838,0.353342,0.364966,0.300932,0.300184,0.293412,0.27826,0.282392,0.275194,0.26952,,
CA Tigre,CA Talleres de Córdoba,0.771862,0.721334,0.69686,0.635274,0.620438,0.562914,0.571056,0.562854,0.548046,0.530258,0.429844,0.47052,0.331902,0.27421,0.255046,0.3682,0.30174,0.331536,0.259466,0.267344,0.266732,0.239908,0.244998,0.241938,0.23749,,
Godoy Cruz,Colón,0.801734,0.7863,0.761928,0.721062,0.708692,0.636762,0.651544,0.645358,0.615586,0.59669,0.358693,0.423825,0.320999,0.258607,0.234107,0.299743,0.249385,0.277957,0.218327,0.233639,0.233149,0.202727,0.210429,0.207489,0.205103,,
Vélez Sársfield,Club Atlético Tucumán,0.726217,0.650647,0.641229,0.561511,0.561311,0.516635,0.508789,0.508623,0.501633,0.483865,0.480706,0.513246,0.367222,0.30058,0.281026,0.402883,0.330639,0.351877,0.287477,0.287941,0.288121,0.265891,0.269749,0.265929,0.258553,,
Gimnasia La Plata,Defensa y Justicia,0.647831,0.581065,0.599383,0.502603,0.509455,0.482773,0.466867,0.467373,0.460453,0.445305,0.447938,0.533208,0.381128,0.308926,0.284222,0.450601,0.379979,0.417191,0.335569,0.342535,0.327087,0.309105,0.313227,0.309089,0.300357,,
Barracas Central,San Lorenzo,0.473891,0.397933,0.422517,0.334285,0.349607,0.334317,0.316213,0.320067,0.316089,0.307685,0.486505,0.537065,0.375313,0.315851,0.290241,0.647312,0.565382,0.573498,0.487078,0.486926,0.4599,0.452176,0.452292,0.438082,0.42765,,
Unión de Santa Fe,Lanús,0.744849,0.682083,0.660025,0.592847,0.579893,0.535113,0.535215,0.527197,0.520113,0.500157,0.476497,0.506857,0.354313,0.295303,0.275867,0.392054,0.31017,0.33999,0.267582,0.274998,0.26785,0.249774,0.252834,0.249914,0.24505,,
Sarmiento,Racing Club,0.378881,0.312787,0.341335,0.277719,0.276673,0.276797,0.252291,0.259151,0.255215,0.250291,0.454665,0.508761,0.376447,0.304999,0.280009,0.71901,0.664304,0.663556,0.586,0.574044,0.537872,0.529484,0.529624,0.514978,0.500192,,
Huracán,River Plate,0.476301,0.417919,0.443673,0.360013,0.373441,0.360079,0.337643,0.344699,0.337975,0.327069,0.430845,0.505069,0.371457,0.298593,0.274873,0.622066,0.556388,0.577866,0.489512,0.49641,0.468996,0.45359,0.453826,0.44696,0.431282,,
Arsenal de Sarandí,Estudiantes de La Plata,0.594053,0.517355,0.530083,0.438499,0.445749,0.424213,0.410029,0.409757,0.402639,0.392171,0.47379,0.535974,0.386362,0.315932,0.290432,0.520831,0.449261,0.470083,0.385589,0.391569,0.370331,0.356265,0.363173,0.351999,0.343511,,
CA Aldosivi,Rosario Central,0.468957,0.402071,0.426409,0.346431,0.354453,0.338993,0.324537,0.331725,0.321083,0.314393,0.454824,0.527914,0.378452,0.308462,0.283908,0.630895,0.569253,0.575391,0.489459,0.496427,0.469641,0.454625,0.455065,0.447977,0.433255,,
Newell's Old Boys,Patronato de Paraná,0.72508,0.649466,0.641034,0.56136,0.56184,0.51617,0.50862,0.508494,0.501058,0.483366,0.481502,0.51352,0.367472,0.30026,0.281062,0.403492,0.331566,0.35177,0.288446,0.287994,0.28758,0.266214,0.269644,0.266062,0.258488,,
CA Independiente,CA Platense,0.784061,0.713051,0.679449,0.626605,0.601041,0.556357,0.564529,0.556607,0.541183,0.521945,0.468723,0.499773,0.347215,0.291167,0.271299,0.369964,0.285464,0.308682,0.249408,0.256288,0.24901,0.229798,0.231858,0.22943,0.225538,,
Arsenal de Sarandí,Estudiantes de La Plata,0.535311,0.452161,0.472853,0.388695,0.394149,0.373373,0.359289,0.366143,0.355619,0.346755,0.481056,0.531484,0.370994,0.312082,0.286868,0.590823,0.515861,0.528369,0.443753,0.444535,0.423839,0.409133,0.409219,0.401913,0.389663,,
CA Aldosivi,Rosario Central,0.506965,0.417327,0.444883,0.360615,0.368443,0.353389,0.338913,0.338737,0.334487,0.325997,0.494752,0.545618,0.380048,0.320668,0.294696,0.610845,0.532477,0.546541,0.459247,0.466517,0.438369,0.423251,0.423477,0.416131,0.403477,,
Newell's Old Boys,Patronato de Paraná,0.753256,0.702662,0.66778,0.600268,0.587296,0.542322,0.542992,0.534514,0.52736,0.507206,0.480021,0.510333,0.354765,0.297057,0.277455,0.383371,0.301555,0.319103,0.258797,0.265835,0.258403,0.238815,0.243945,0.239063,0.234661,,
CA Independiente,CA Platense,0.794765,0.736249,0.689875,0.637353,0.610939,0.566243,0.574115,0.566061,0.551483,0.531553,0.466825,0.498425,0.338305,0.288251,0.268871,0.349594,0.277934,0.301528,0.241884,0.249678,0.242508,0.222436,0.224794,0.222434,0.218842,,
Rosario Central,Sarmiento,0.67955,0.616224,0.615184,0.525484,0.526088,0.49077,0.48301,0.482966,0.47594,0.457912,0.462998,0.50623,0.36174,0.302692,0.276528,0.449758,0.370472,0.398584,0.318126,0.325952,0.318106,0.300138,0.303902,0.296194,0.291032,,
Patronato de Paraná,Arsenal de Sarandí,0.644137,0.562811,0.570949,0.485101,0.484637,0.458169,0.450461,0.450291,0.436495,0.423761,0.483113,0.534747,0.372757,0.314331,0.288561,0.478256,0.400746,0.425946,0.344988,0.35301,0.33786,0.319962,0.323506,0.320338,0.311132,,
San Lorenzo,Boca Juniors,0.421419,0.331773,0.352653,0.289461,0.289267,0.281555,0.267451,0.271017,0.264171,0.258173,0.530539,0.550001,0.387281,0.321301,0.301715,0.700636,0.626534,0.60759,0.529064,0.529176,0.493426,0.486132,0.48577,0.471368,0.459072,,
Banfield,Unión de Santa Fe,0.699259,0.625335,0.607461,0.526363,0.518397,0.491405,0.483889,0.483699,0.469267,0.456921,0.533598,0.553442,0.389944,0.32339,0.3037,0.420493,0.332643,0.353855,0.289801,0.289813,0.282123,0.267539,0.271423,0.264741,0.258589,,
CA Platense,Newell's Old Boys,0.566378,0.478938,0.489468,0.40569,0.412052,0.39015,0.38327,0.383514,0.372384,0.363636,0.503005,0.538575,0.376527,0.311021,0.292031,0.572735,0.482481,0.493193,0.414929,0.415637,0.393797,0.387121,0.386923,0.375575,0.367285,,
CA Talleres de Córdoba,Barracas Central,0.807345,0.772299,0.732619,0.680021,0.653283,0.594963,0.608909,0.603585,0.579693,0.561823,0.456813,0.484559,0.344601,0.285823,0.265879,0.308182,0.241286,0.270434,0.210944,0.21795,0.218034,0.195782,0.200322,0.198032,0.194194,,
CA Platense,Newell's Old Boys,0.595418,0.502172,0.502116,0.424786,0.424634,0.403714,0.396654,0.396706,0.385234,0.374486,0.517654,0.537862,0.367738,0.311882,0.292694,0.556522,0.466044,0.477416,0.394034,0.394522,0.37934,0.365378,0.37271,0.361364,0.35047,,
CA Talleres de Córdoba,Barracas Central,0.847242,0.802908,0.749134,0.70865,0.67117,0.614042,0.635608,0.621984,0.599686,0.581488,0.427461,0.467707,0.320843,0.270843,0.251281,0.299377,0.235279,0.263459,0.205189,0.212235,0.212233,0.188217,0.192375,0.192633,0.187431,,
Estudiantes de La Plata,Central Córdoba SdE,0.744489,0.700575,0.690745,0.626925,0.611683,0.562759,0.562607,0.554621,0.539717,0.525435,0.434914,0.499088,0.355102,0.29437,0.26909,0.352407,0.292131,0.327299,0.255623,0.262561,0.262445,0.235629,0.240547,0.240487,0.235491,,
Racing Club,CA Independiente,0.764373,0.713979,0.689013,0.611889,0.598981,0.554553,0.561683,0.554509,0.539299,0.521269,0.462939,0.507681,0.361711,0.294847,0.275611,0.358406,0.285626,0.308232,0.249004,0.25657,0.249232,0.22922,0.234348,0.23137,0.22652,,
Club Atlético Tucumán,Gimnasia La Plata,0.586963,0.509113,0.522745,0.430231,0.437741,0.409195,0.402157,0.402379,0.391335,0.382401,0.50361,0.53955,0.377438,0.311568,0.29257,0.538101,0.453523,0.473685,0.388927,0.395599,0.374229,0.359863,0.367171,0.356173,0.347493,,
Lanús,Huracán,0.529758,0.445888,0.455776,0.382274,0.388508,0.367224,0.353564,0.360162,0.349568,0.340982,0.54012,0.58032,0.398566,0.339526,0.314114,0.570804,0.482286,0.493844,0.416104,0.422994,0.395334,0.387314,0.387966,0.376602,0.368512,,
River Plate,Godoy Cruz,0.805126,0.805156,0.779454,0.752412,0.724076,0.653514,0.676286,0.668162,0.631226,0.612044,0.373225,0.452041,0.333693,0.270821,0.245859,0.252611,0.215243,0.244955,0.192027,0.199687,0.199593,0.174829,0.181137,0.181149,0.178789,,
Colón,Vélez Sársfield,0.45842,0.378904,0.40599,0.33434,0.342114,0.32671,0.308764,0.312182,0.30872,0.299632,0.499575,0.550421,0.398069,0.326177,0.300915,0.631221,0.566419,0.573661,0.485809,0.486597,0.458767,0.450753,0.450911,0.437011,0.425663,,
Defensa y Justicia,CA Aldosivi,0.798903,0.766691,0.741781,0.689289,0.678791,0.612569,0.626889,0.618367,0.596497,0.574083,0.419025,0.479235,0.347677,0.286815,0.260585,0.288734,0.23879,0.266716,0.20853,0.222674,0.215624,0.19288,0.1975,0.197672,0.192728,,
Argentinos Juniors,CA Tigre,0.660501,0.559861,0.560067,0.481161,0.480685,0.445745,0.438707,0.438639,0.428073,0.419205,0.530785,0.549105,0.386985,0.320981,0.301385,0.481436,0.392944,0.408098,0.329124,0.336618,0.328968,0.310784,0.311156,0.306964,0.299708,,
Central Córdoba SdE,Patronato de Paraná,0.614296,0.536822,0.558888,0.471748,0.471792,0.445166,0.42999,0.437476,0.429872,0.412878,0.456804,0.530246,0.3807,0.309682,0.285284,0.49456,0.418638,0.454834,0.363018,0.37646,0.363066,0.341004,0.348386,0.337754,0.328696,,
Sarmiento,Defensa y Justicia,0.522529,0.449239,0.469711,0.376609,0.391065,0.368977,0.354681,0.362029,0.350977,0.342443,0.46354,0.507422,0.362104,0.303,0.27786,0.610379,0.530813,0.545701,0.459763,0.466719,0.439193,0.424131,0.431207,0.416593,0.406225,,
CA Aldosivi,Club Atlético Tucumán,0.493032,0.417032,0.452594,0.361316,0.374624,0.353424,0.33936,0.346318,0.335226,0.326658,0.475136,0.537614,0.386564,0.315854,0.290934,0.61224,0.53305,0.556272,0.462828,0.468142,0.441238,0.426178,0.433374,0.4193,0.408762,,
Arsenal de Sarandí,CA Platense,0.671211,0.578767,0.570693,0.492021,0.491467,0.456589,0.456885,0.449447,0.442525,0.429951,0.492954,0.509138,0.35491,0.299056,0.279694,0.504443,0.403627,0.428663,0.339729,0.348057,0.340027,0.322199,0.325901,0.318501,0.310865,,
Sarmiento,Defensa y Justicia,0.529553,0.457323,0.478371,0.392919,0.398569,0.385245,0.363135,0.370179,0.359211,0.350499,0.44642,0.502514,0.357232,0.297968,0.27258,0.607367,0.529087,0.543517,0.457145,0.464435,0.436223,0.421237,0.421173,0.413995,0.403593,,
CA Aldosivi,Club Atlético Tucumán,0.511127,0.438845,0.447421,0.365777,0.374237,0.358999,0.343827,0.344087,0.339939,0.331425,0.487994,0.538758,0.375144,0.308382,0.289538,0.610689,0.531567,0.546203,0.459665,0.465865,0.437471,0.423101,0.422869,0.415675,0.402955,,
Arsenal de Sarandí,CA Platense,0.697249,0.589663,0.572407,0.494335,0.489135,0.459683,0.453245,0.453057,0.441983,0.431087,0.516799,0.537017,0.358805,0.306043,0.295215,0.49007,0.388304,0.403838,0.325284,0.33318,0.318544,0.303574,0.307452,0.300682,0.294864,,
Barracas Central,Argentinos Juniors,0.431229,0.342421,0.379259,0.299309,0.299855,0.299391,0.274843,0.281451,0.274843,0.270195,0.442895,0.470587,0.333899,0.277151,0.257619,0.734912,0.671886,0.650788,0.583992,0.570738,0.527876,0.526964,0.5197,0.51236,0.492872,,
CA Independiente,Rosario Central,0.716227,0.671187,0.650483,0.583473,0.570963,0.534653,0.527043,0.527533,0.511671,0.494355,0.444793,0.499473,0.355737,0.296129,0.270495,0.402512,0.323176,0.352358,0.287688,0.295762,0.28797,0.266094,0.269636,0.266266,0.261018,,
Gimnasia La Plata,Colón,0.691535,0.627025,0.626897,0.547843,0.547947,0.511707,0.496411,0.495529,0.488999,0.473879,0.422692,0.471088,0.342788,0.2838,0.258416,0.446805,0.376745,0.412863,0.324677,0.339243,0.324121,0.305787,0.309403,0.306035,0.297205,,
Newell's Old Boys,Racing Club,0.489466,0.412774,0.436852,0.355916,0.369548,0.348734,0.334692,0.34138,0.330178,0.3217,0.470226,0.532482,0.37059,0.311124,0.285854,0.621614,0.557386,0.56557,0.478586,0.478802,0.450912,0.43669,0.443662,0.429296,0.418626,,
Boca Juniors,CA Talleres de Córdoba,0.790658,0.732214,0.683694,0.631948,0.60565,0.560956,0.568838,0.561062,0.539032,0.526828,0.481533,0.481299,0.336655,0.284061,0.275841,0.368693,0.283517,0.306035,0.247029,0.254389,0.247179,0.225179,0.229291,0.227697,0.222587,,
CA Platense,Central Córdoba SdE,0.629451,0.563795,0.572487,0.484507,0.484723,0.456259,0.449591,0.448849,0.435091,0.424203,0.476831,0.539123,0.388227,0.317367,0.292107,0.469184,0.40098,0.426626,0.344028,0.351762,0.337046,0.318264,0.322826,0.31851,0.309838,,
Colón,CA Aldosivi,0.768368,0.74024,0.714122,0.650836,0.635236,0.5852,0.591816,0.585178,0.562168,0.54678,0.42009,0.477618,0.348064,0.28687,0.261542,0.330624,0.271818,0.30364,0.24228,0.24964,0.249798,0.222152,0.227962,0.224238,0.22216,,
Club Atlético Tucumán,Sarmiento,0.756307,0.670753,0.650375,0.582747,0.562141,0.518753,0.525697,0.519287,0.504319,0.491977,0.490149,0.507119,0.345557,0.292831,0.284311,0.41166,0.324042,0.34444,0.27358,0.280602,0.273258,0.255794,0.258924,0.253912,0.25006,,
Racing Club,Arsenal de Sarandí,0.819857,0.782909,0.743099,0.702989,0.665317,0.615117,0.628969,0.615201,0.592087,0.574195,0.42484,0.474096,0.333534,0.274864,0.255406,0.306057,0.239859,0.268067,0.209915,0.216865,0.217069,0.194257,0.196701,0.196845,0.192785,,
Argentinos Juniors,Boca Juniors,0.523686,0.439184,0.449502,0.367946,0.374896,0.359832,0.3459,0.34534,0.337764,0.330438,0.532164,0.55259,0.389354,0.322418,0.302872,0.609374,0.514182,0.514896,0.434836,0.442544,0.413792,0.407192,0.406876,0.395842,0.38701,,
San Lorenzo,Unión de Santa Fe,0.619821,0.526293,0.538885,0.453667,0.453847,0.424855,0.417797,0.417737,0.406285,0.398481,0.505516,0.539934,0.378096,0.312218,0.292612,0.523141,0.438405,0.447381,0.366883,0.374357,0.359463,0.344449,0.344523,0.336865,0.329649,,
San Lorenzo,Unión de Santa Fe,0.630567,0.546335,0.547161,0.461661,0.462063,0.432825,0.425759,0.425913,0.414837,0.406019,0.50926,0.544074,0.380932,0.314548,0.294864,0.513053,0.412749,0.437287,0.356589,0.363931,0.348569,0.330281,0.334655,0.326601,0.319697,,
Patronato de Paraná,CA Tigre,0.533672,0.461914,0.482364,0.397542,0.41105,0.390424,0.37551,0.375538,0.368478,0.356012,0.472521,0.536577,0.385607,0.315293,0.290133,0.568045,0.493503,0.518589,0.426153,0.433393,0.412235,0.397601,0.398229,0.390571,0.380381,,
Defensa y Justicia,CA Independiente,0.613997,0.535727,0.557463,0.464467,0.471195,0.442837,0.428215,0.435539,0.421139,0.410617,0.461486,0.53653,0.384216,0.312966,0.288602,0.496441,0.418465,0.455413,0.362439,0.375815,0.355561,0.340835,0.348163,0.336517,0.328355,,
Estudiantes de La Plata,Barracas Central,0.846925,0.809943,0.770405,0.728107,0.706533,0.639841,0.660641,0.646863,0.616245,0.601181,0.407293,0.451935,0.324771,0.265665,0.246289,0.277176,0.21854,0.246764,0.19566,0.202772,0.20318,0.1786,0.182356,0.182638,0.178282,,
Lanús,Vélez Sársfield,0.4793,0.392256,0.406968,0.328684,0.33593,0.328276,0.310272,0.31441,0.306648,0.299456,0.501608,0.5388,0.376288,0.31098,0.291544,0.650384,0.577488,0.578486,0.49118,0.490444,0.463458,0.456228,0.456714,0.442318,0.42958,,
Huracán,Godoy Cruz,0.631892,0.56678,0.57465,0.488238,0.488404,0.46041,0.452626,0.452832,0.4452,0.427848,0.455071,0.508063,0.375625,0.304061,0.278939,0.487323,0.409725,0.436307,0.354503,0.362235,0.346799,0.332381,0.339255,0.328521,0.319627,,
Rosario Central,Newell's Old Boys,0.5814,0.491034,0.502132,0.423164,0.430338,0.401904,0.394396,0.394726,0.383644,0.374718,0.508139,0.546087,0.380473,0.314793,0.295635,0.545741,0.459525,0.481287,0.395023,0.401395,0.380149,0.365885,0.372423,0.361927,0.353257,,
CA Talleres de Córdoba,Banfield,0.664269,0.582077,0.564419,0.488031,0.487309,0.452553,0.453925,0.446215,0.434921,0.426669,0.520228,0.53983,0.369818,0.309898,0.30158,0.490641,0.390913,0.406669,0.328363,0.335419,0.327811,0.306279,0.309861,0.306601,0.297591,,
River Plate,Gimnasia La Plata,0.83238,0.832094,0.77718,0.748176,0.712666,0.646448,0.666602,0.660538,0.63062,0.608312,0.4014,0.445032,0.319892,0.262158,0.242418,0.272022,0.21424,0.24252,0.187506,0.199302,0.19882,0.174386,0.17846,0.178874,0.174454,,
Rosario Central,Newell's Old Boys,0.606185,0.510703,0.511287,0.433175,0.440203,0.411511,0.404593,0.404609,0.393287,0.385083,0.501346,0.535576,0.376186,0.310814,0.290958,0.549969,0.452721,0.473077,0.388659,0.388653,0.373247,0.359819,0.359017,0.355713,0.344409,,
CA Talleres de Córdoba,Banfield,0.66347,0.570392,0.561876,0.48337,0.477208,0.447836,0.440752,0.44092,0.429774,0.418754,0.556687,0.556539,0.384089,0.323171,0.311917,0.472617,0.384155,0.401005,0.321291,0.328975,0.313987,0.298883,0.302839,0.296109,0.290239,,
River Plate,Gimnasia La Plata,0.726046,0.698962,0.700622,0.637484,0.620068,0.576068,0.569996,0.570418,0.554028,0.534972,0.39907,0.479504,0.359052,0.286164,0.261322,0.35051,0.297172,0.333784,0.259506,0.267924,0.267808,0.241884,0.248406,0.24475,0.2394,,
Rosario Central,Newell's Old Boys,0.576215,0.498653,0.498015,0.419927,0.419695,0.398267,0.391531,0.391771,0.380819,0.372071,0.528389,0.548419,0.385573,0.320019,0.300513,0.553008,0.454334,0.475932,0.391812,0.391962,0.376926,0.362512,0.369394,0.358692,0.347756,,
Sarmiento,Colón,0.566363,0.492277,0.518475,0.425387,0.432515,0.411081,0.397291,0.396451,0.389489,0.379459,0.473997,0.537393,0.386827,0.315511,0.291443,0.533252,0.4611,0.482592,0.398468,0.410974,0.389838,0.375418,0.375548,0.368536,0.35805,,
CA Independiente,Club Atlético Tucumán,0.629309,0.547479,0.547177,0.461545,0.461307,0.433033,0.425635,0.425957,0.414351,0.405859,0.506602,0.54291,0.37931,0.313666,0.293798,0.515197,0.414371,0.438955,0.357535,0.365609,0.349937,0.331567,0.335757,0.327991,0.320653,,
Central Córdoba SdE,Racing Club,0.427948,0.365396,0.392748,0.312948,0.328066,0.31297,0.295314,0.299082,0.295122,0.28639,0.461297,0.535459,0.383893,0.312677,0.288143,0.655895,0.599621,0.609249,0.520165,0.529651,0.492179,0.477493,0.477267,0.470201,0.455491,,
Sarmiento,Colón,0.573339,0.497549,0.523807,0.439239,0.445055,0.418023,0.403003,0.403083,0.396355,0.385727,0.456187,0.529069,0.380013,0.309417,0.284887,0.534108,0.461212,0.482206,0.398536,0.410734,0.390568,0.375632,0.376062,0.368608,0.357886,,
CA Independiente,Club Atlético Tucumán,0.631371,0.550059,0.550123,0.464231,0.464375,0.435133,0.427573,0.427659,0.416893,0.408259,0.537692,0.556234,0.392574,0.325062,0.305434,0.489077,0.402023,0.416469,0.344313,0.344069,0.336769,0.318439,0.321949,0.314925,0.307155,,
Central Córdoba SdE,Racing Club,0.386261,0.331247,0.376475,0.294823,0.302955,0.294879,0.272283,0.280095,0.276069,0.269549,0.420555,0.505395,0.368777,0.296385,0.272519,0.682292,0.647934,0.659432,0.567952,0.580482,0.535752,0.522144,0.521736,0.506884,0.49596,,
CA Tigre,CA Platense,0.698659,0.644513,0.634123,0.555203,0.554339,0.509075,0.500993,0.501343,0.493967,0.476133,0.467874,0.510666,0.365948,0.305776,0.279538,0.420869,0.340601,0.362641,0.297689,0.305431,0.298069,0.275485,0.279347,0.275367,0.267921,,
CA Aldosivi,River Plate,0.265091,0.216981,0.245881,0.189621,0.201131,0.201191,0.175857,0.180019,0.180131,0.177437,0.35801,0.413508,0.30751,0.254802,0.22766,0.822473,0.838057,0.788179,0.777267,0.742741,0.663573,0.702313,0.684703,0.646767,0.623747,,
Gimnasia La Plata,Lanús,0.722852,0.647884,0.637524,0.558448,0.558358,0.513642,0.506366,0.50593,0.49956,0.481204,0.454273,0.499227,0.343703,0.287499,0.267855,0.425657,0.345951,0.383037,0.302901,0.311201,0.303155,0.280949,0.285093,0.280925,0.273551,,
Boca Juniors,Estudiantes de La Plata,0.752238,0.70212,0.667444,0.598902,0.586348,0.541788,0.541346,0.533558,0.526282,0.506462,0.451402,0.479824,0.340496,0.282422,0.26251,0.405294,0.317358,0.34621,0.273976,0.281624,0.281278,0.256024,0.259352,0.256286,0.251846,,
Sarmiento,Colón,0.57365,0.49898,0.523396,0.439294,0.445494,0.418608,0.403378,0.403342,0.395936,0.385898,0.456582,0.530568,0.380712,0.309728,0.285378,0.532932,0.460346,0.481586,0.397108,0.41117,0.389372,0.37445,0.374652,0.367694,0.357626,,
Sarmiento,Colón,0.573235,0.498609,0.524269,0.439631,0.445795,0.418037,0.403611,0.403289,0.396857,0.386311,0.453728,0.528968,0.379302,0.308678,0.28427,0.533565,0.462203,0.483331,0.398101,0.411511,0.391001,0.375941,0.375719,0.369051,0.358597,,
CA Aldosivi,River Plate,0.265173,0.217935,0.247197,0.190307,0.202355,0.202221,0.176983,0.181375,0.181489,0.181337,0.336716,0.390734,0.297358,0.24409,0.21751,0.833069,0.848211,0.806865,0.786761,0.751859,0.679141,0.712357,0.694027,0.656137,0.637073,,
Gimnasia La Plata,Lanús,0.67914,0.612766,0.604948,0.523372,0.5243,0.48852,0.480592,0.480186,0.465746,0.455038,0.465812,0.511152,0.36427,0.29696,0.277496,0.453982,0.373442,0.401866,0.320852,0.328452,0.320966,0.302702,0.306642,0.29849,0.293958,,
Boca Juniors,Estudiantes de La Plata,0.729028,0.667132,0.645068,0.578038,0.555554,0.520942,0.520798,0.513322,0.49867,0.486328,0.472489,0.504993,0.350103,0.293483,0.273713,0.421253,0.332777,0.353803,0.290369,0.289973,0.289981,0.265145,0.268009,0.265133,0.260481,,
Boca Juniors,Estudiantes de La Plata,0.717377,0.654059,0.633455,0.553515,0.543575,0.509151,0.501939,0.501677,0.487103,0.475089,0.473539,0.504807,0.350861,0.293533,0.274029,0.432696,0.343604,0.380738,0.301616,0.301256,0.301448,0.27911,0.28318,0.276076,0.271732,,
San Lorenzo,CA Talleres de Córdoba,0.579946,0.501554,0.50133,0.423856,0.4314,0.40235,0.395824,0.395128,0.384788,0.3758,0.514772,0.57421,0.388948,0.322834,0.303996,0.53312,0.448244,0.45849,0.384948,0.390676,0.370204,0.35597,0.363014,0.351846,0.343352,,
Banfield,Argentinos Juniors,0.561281,0.473137,0.484575,0.400613,0.406827,0.384923,0.379059,0.378705,0.367869,0.356831,0.533507,0.573615,0.392013,0.326957,0.307823,0.557382,0.46922,0.480216,0.396596,0.402522,0.38209,0.367934,0.374722,0.364186,0.353172,,
Newell's Old Boys,Defensa y Justicia,0.648834,0.568652,0.575948,0.489544,0.489388,0.462384,0.453726,0.454118,0.440154,0.42958,0.494793,0.545251,0.394069,0.323281,0.297799,0.455671,0.389007,0.404431,0.325475,0.340773,0.325349,0.307085,0.311095,0.307123,0.298475,,
Unión de Santa Fe,Godoy Cruz,0.564397,0.500533,0.525039,0.431939,0.445923,0.418487,0.403171,0.410899,0.396491,0.389069,0.446763,0.533939,0.381111,0.309329,0.285505,0.525904,0.463716,0.485188,0.398834,0.41289,0.391714,0.376426,0.376756,0.369482,0.35889,,
Vélez Sársfield,Huracán,0.692495,0.607313,0.598473,0.518221,0.511633,0.475567,0.475821,0.475615,0.461229,0.448933,0.530101,0.549769,0.376269,0.318551,0.299137,0.443114,0.35367,0.365648,0.301298,0.302184,0.30172,0.280066,0.283724,0.277052,0.271092,,
Arsenal de Sarandí,Rosario Central,0.602947,0.525315,0.539011,0.453659,0.460025,0.432215,0.417377,0.417551,0.410465,0.398047,0.469008,0.530678,0.36957,0.31033,0.28432,0.519425,0.447465,0.469145,0.376057,0.390005,0.368869,0.353709,0.360763,0.349961,0.341293,,
Barracas Central,Patronato de Paraná,0.537943,0.466121,0.487139,0.401959,0.414541,0.394519,0.379535,0.379379,0.372463,0.361733,0.460126,0.534296,0.383234,0.31228,0.287452,0.557097,0.494915,0.519089,0.425863,0.440259,0.412023,0.397521,0.397747,0.390479,0.379867,,
San Lorenzo,CA Talleres de Córdoba,0.557233,0.469315,0.480239,0.396601,0.402847,0.382015,0.367869,0.374713,0.363919,0.355413,0.533325,0.573817,0.391561,0.326737,0.307999,0.561048,0.47316,0.483876,0.40046,0.405668,0.385266,0.378272,0.378086,0.36756,0.359116,,
Newell's Old Boys,Defensa y Justicia,0.652855,0.552889,0.553449,0.468813,0.467837,0.439229,0.432405,0.432059,0.420839,0.409805,0.526208,0.544672,0.37256,0.316426,0.296748,0.505203,0.404361,0.419531,0.347951,0.347697,0.340621,0.322441,0.326363,0.318927,0.311101,,
Banfield,Argentinos Juniors,0.580899,0.490607,0.500935,0.422839,0.422139,0.400839,0.393329,0.393437,0.382445,0.373343,0.509094,0.544956,0.382992,0.31506,0.295986,0.546005,0.461897,0.481725,0.396089,0.402703,0.381579,0.367069,0.373659,0.363121,0.354333,,
Unión de Santa Fe,Godoy Cruz,0.525359,0.462561,0.484219,0.398203,0.412027,0.390763,0.375713,0.376255,0.368451,0.358125,0.437385,0.501651,0.369577,0.298571,0.273849,0.575066,0.511252,0.537014,0.451272,0.45793,0.437414,0.415328,0.422538,0.415446,0.400436,,
Vélez Sársfield,Huracán,0.691812,0.606854,0.597356,0.518326,0.511044,0.475916,0.47543,0.475618,0.461344,0.44854,0.528912,0.547376,0.375636,0.31791,0.298428,0.444418,0.35528,0.367028,0.303106,0.303142,0.303352,0.281026,0.284688,0.278078,0.27205,,
Newell's Old Boys,Defensa y Justicia,0.672617,0.579723,0.572575,0.492997,0.492151,0.458017,0.457539,0.450593,0.443295,0.430849,0.530849,0.549765,0.386873,0.321261,0.302145,0.45855,0.369328,0.396482,0.316994,0.324862,0.317296,0.299194,0.299114,0.295424,0.288012,,
Banfield,Argentinos Juniors,0.618768,0.522526,0.536754,0.45227,0.451838,0.423034,0.416204,0.416026,0.405364,0.39668,0.506357,0.541387,0.379581,0.312817,0.294093,0.523465,0.438589,0.448283,0.367065,0.374479,0.359367,0.345351,0.344991,0.341371,0.330315,,
Arsenal de Sarandí,Rosario Central,0.599932,0.522342,0.536038,0.45095,0.457582,0.4302,0.41514,0.41559,0.40828,0.396162,0.485248,0.53654,0.374262,0.31551,0.289586,0.514998,0.442216,0.464388,0.372344,0.38537,0.364894,0.3504,0.357628,0.346786,0.338224,,
Barracas Central,Patronato de Paraná,0.518061,0.457265,0.477907,0.393975,0.407121,0.386629,0.371033,0.371293,0.364009,0.353623,0.474944,0.536842,0.387062,0.316274,0.291694,0.571909,0.497697,0.521601,0.429747,0.443069,0.415673,0.400799,0.400925,0.394029,0.383379,,
CA Talleres de Córdoba,Unión de Santa Fe,0.673773,0.608831,0.598605,0.518717,0.519273,0.483387,0.475467,0.475315,0.461299,0.448737,0.488278,0.538492,0.375372,0.308226,0.289,0.445029,0.365801,0.392279,0.313209,0.320955,0.312573,0.290523,0.294781,0.290571,0.283387,,
Godoy Cruz,Vélez Sársfield,0.698189,0.634753,0.635255,0.553855,0.553655,0.515795,0.500973,0.500743,0.493373,0.475685,0.451388,0.507364,0.361238,0.301472,0.27544,0.419345,0.346285,0.382817,0.302937,0.310663,0.302621,0.280659,0.284165,0.280463,0.275937,,
Estudiantes de La Plata,Banfield,0.723456,0.649348,0.639714,0.560566,0.560114,0.51558,0.507902,0.508298,0.50104,0.483006,0.437448,0.492658,0.339376,0.281672,0.262392,0.43826,0.350788,0.386606,0.30741,0.31511,0.306782,0.285344,0.288972,0.28515,0.277618,,
Club Atlético Tucumán,Newell's Old Boys,0.665812,0.5731,0.565374,0.485516,0.486786,0.451442,0.4439,0.444032,0.432848,0.424638,0.525745,0.543729,0.372985,0.316141,0.296663,0.481099,0.392881,0.407743,0.328541,0.336167,0.328999,0.310697,0.310679,0.307021,0.299417,,
Huracán,Gimnasia La Plata,0.704966,0.63216,0.622954,0.544482,0.535522,0.500468,0.492864,0.492618,0.478536,0.468006,0.472994,0.503354,0.359938,0.294732,0.275754,0.43796,0.360202,0.38685,0.3081,0.31581,0.308334,0.28612,0.290086,0.286204,0.279006,,
CA Platense,Barracas Central,0.796197,0.721705,0.688729,0.637007,0.608989,0.564199,0.571301,0.564439,0.549147,0.529395,0.46284,0.47607,0.331036,0.281996,0.262108,0.373271,0.287933,0.311627,0.251555,0.258703,0.251417,0.231483,0.233853,0.231597,0.227653,,
Lanús,CA Aldosivi,0.754006,0.72486,0.715114,0.650706,0.6342,0.589916,0.589436,0.583366,0.567554,0.544794,0.410219,0.478495,0.346237,0.284823,0.259311,0.336155,0.276437,0.309093,0.246895,0.254859,0.254901,0.226743,0.232065,0.232153,0.226887,,
River Plate,Sarmiento,0.846577,0.879419,0.812227,0.833679,0.782011,0.693471,0.769565,0.731641,0.677559,0.655495,0.280017,0.331693,0.243677,0.199757,0.180391,0.338258,0.237224,0.250256,0.206774,0.206484,0.206526,0.189462,0.189564,0.188518,0.18723,,
